epoch,accuracy,learning_rate,loss,val_accuracy,val_loss
0,0.08260869234800339,0.0003000000142492354,2.486577033996582,0.24561403691768646,1.6023496389389038
1,0.21739129722118378,0.000299539155093953,1.9778194427490234,0.19298245012760162,1.597339391708374
2,0.21739129722118378,0.0002981594006996602,1.9574089050292969,0.19298245012760162,1.5947431325912476
3,0.239130437374115,0.0002958693075925112,1.9088983535766602,0.19298245012760162,1.5949773788452148
4,0.208695650100708,0.00029268296202644706,1.821520209312439,0.15789473056793213,1.5981677770614624
5,0.2347826063632965,0.00028861997998319566,1.840151071548462,0.17543859779834747,1.6056299209594727
6,0.24782608449459076,0.00028370547806844115,1.800761342048645,0.17543859779834747,1.6145092248916626
7,0.2347826063632965,0.0002779696951620281,1.75465989112854,0.17543859779834747,1.6234586238861084
