epoch,accuracy,learning_rate,loss,val_accuracy,val_loss
0,0.17826086282730103,0.0003000000142492354,2.605262041091919,0.17543859779834747,1.6071892976760864
1,0.239130437374115,0.000299539155093953,1.9939955472946167,0.17543859779834747,1.6124639511108398
2,0.260869562625885,0.0002981594006996602,1.9185377359390259,0.17543859779834747,1.6209663152694702
3,0.260869562625885,0.0002958693075925112,1.846482276916504,0.17543859779834747,1.6305041313171387
4,0.2130434811115265,0.00029268296202644706,1.8815858364105225,0.17543859779834747,1.644395112991333
5,0.24782608449459076,0.00028861997998319566,1.7815061807632446,0.17543859779834747,1.664547324180603
