epoch,accuracy,learning_rate,loss,val_accuracy,val_loss
0,0.12345679104328156,9.999999747378752e-05,2.037625312805176,0.015384615398943424,1.987180233001709
1,0.1419753134250641,9.999999747378752e-05,2.0456926822662354,0.015384615398943424,1.9800145626068115
2,0.12962962687015533,9.999999747378752e-05,2.0389184951782227,0.015384615398943424,1.9653258323669434
3,0.17283950746059418,9.999999747378752e-05,2.023850202560425,0.015384615398943424,1.9569339752197266
4,0.17901234328746796,9.999999747378752e-05,2.021097183227539,0.015384615398943424,1.9701906442642212
5,0.11728394776582718,1.9999999494757503e-05,2.108747959136963,0.015384615398943424,1.9722716808319092
6,0.12345679104328156,1.9999999494757503e-05,2.046037435531616,0.015384615398943424,1.9729161262512207
7,0.12345679104328156,1.9999999494757503e-05,1.9495972394943237,0.015384615398943424,1.9715299606323242
8,0.14814814925193787,1.9999999494757503e-05,2.075838327407837,0.015384615398943424,1.9699106216430664
