epoch,accuracy,learning_rate,loss,val_accuracy,val_loss
0,0.12345679104328156,9.999999747378752e-05,2.0311832427978516,0.5076923370361328,1.7938923835754395
1,0.1913580298423767,9.999999747378752e-05,2.0553746223449707,0.5076923370361328,1.7697175741195679
2,0.17901234328746796,9.999999747378752e-05,1.8695087432861328,0.5076923370361328,1.7541342973709106
3,0.20987653732299805,9.999999747378752e-05,1.9416744709014893,0.5076923370361328,1.7408775091171265
4,0.2222222238779068,9.999999747378752e-05,1.9287525415420532,0.5076923370361328,1.7418029308319092
5,0.26543208956718445,1.9999999494757503e-05,1.9735302925109863,0.5076923370361328,1.741584300994873
6,0.29012346267700195,1.9999999494757503e-05,1.9655988216400146,0.5076923370361328,1.7427856922149658
7,0.21604938805103302,1.9999999494757503e-05,1.9842922687530518,0.5076923370361328,1.7439186573028564
8,0.20987653732299805,1.9999999494757503e-05,1.9130479097366333,0.5076923370361328,1.7444343566894531
