epoch,accuracy,learning_rate,loss,val_accuracy,val_loss
0,0.1358024626970291,9.999999747378752e-05,2.017089605331421,0.446153849363327,1.9162660837173462
1,0.20370370149612427,9.999999747378752e-05,2.081700325012207,0.446153849363327,1.921221137046814
2,0.22839505970478058,9.999999747378752e-05,2.125153064727783,0.446153849363327,1.9240453243255615
3,0.12962962687015533,9.999999747378752e-05,2.1113648414611816,0.04615384712815285,1.9266619682312012
4,0.16049382090568542,9.999999747378752e-05,1.907617211341858,0.04615384712815285,1.9399925470352173
5,0.1419753134250641,1.9999999494757503e-05,2.059842586517334,0.04615384712815285,1.9435664415359497
6,0.10493826866149902,1.9999999494757503e-05,2.011060953140259,0.04615384712815285,1.9479478597640991
7,0.1111111119389534,1.9999999494757503e-05,2.021930456161499,0.04615384712815285,1.9536060094833374
8,0.12962962687015533,1.9999999494757503e-05,2.090400218963623,0.04615384712815285,1.9564366340637207
