epoch,accuracy,learning_rate,loss,val_accuracy,val_loss
0,0.11801242083311081,9.999999747378752e-05,2.107983112335205,0.0615384615957737,1.8447911739349365
1,0.13664595782756805,9.999999747378752e-05,2.056577205657959,0.0615384615957737,1.8500407934188843
2,0.22981366515159607,9.999999747378752e-05,1.9784953594207764,0.0615384615957737,1.867884874343872
3,0.1801242232322693,9.999999747378752e-05,2.0360610485076904,0.0615384615957737,1.8935850858688354
4,0.18633539974689484,9.999999747378752e-05,2.090973138809204,0.0615384615957737,1.9076486825942993
5,0.19254659116268158,1.9999999494757503e-05,1.9678707122802734,0.0615384615957737,1.9158010482788086
6,0.21739129722118378,1.9999999494757503e-05,2.007603645324707,0.0615384615957737,1.9242945909500122
7,0.1677018702030182,1.9999999494757503e-05,2.073936700820923,0.0615384615957737,1.9327439069747925
8,0.1677018702030182,1.9999999494757503e-05,2.0303943157196045,0.0615384615957737,1.9412267208099365
